<?xml version="1.0" encoding="UTF-8"?>
<!DOCTYPE mapper PUBLIC "-//mybatis.org//DTD Mapper 3.0//EN" 
"http://mybatis.org/dtd/mybatis-3-mapper.dtd">
<mapper namespace="com.briup.dao.CategoryDao">
	<select id="findAllCategories" resultMap="rm">
		select f.id fid,f.name
		fname,s.id sid,s.name sname
		from category f,category s
		where
		f.id=s.father_id
	</select>
	<resultMap type="category" id="rm">
		<id column="fid" property="id" />
		<result column="fname" property="name" />
		<collection property="cates"
			ofType="category">
			<result column="sid" property="id" />
			<result column="sname" property="name" />
		</collection>
	</resultMap>
</mapper>