<?xml version="1.0" encoding="UTF-8"?>
<!DOCTYPE mapper PUBLIC "-//mybatis.org//DTD Mapper 3.0//EN" 
"http://mybatis.org/dtd/mybatis-3-mapper.dtd">
<mapper namespace="com.briup.dao.OrderDao">
	<select id="findByCustomer" parameterType="Customer"
		resultMap="OrderWithOrderline">
		select
		o.id oid,
		total,
		orderDate,
		ol.id olid,
		num,
		name,
		price,
		image
		from `order` o, orderline ol,book b
		where o.id = ol.order_id
		and
		ol.book_id = b.id
		and customer_id = #{id}
	</select>

	<resultMap type="Order" id="OrderWithOrderline"
		autoMapping="true">
		<id column="oid" property="id" />
		<result column="total" property="total" />
		<result column="orderDate" property="orderDate" />
		<collection property="lines" ofType="OrderLine"
			autoMapping="true">
			<result column="olid" property="id" />
			<result column="num" property="num" />
			<result column="name" property="book.name" />
			<result column="price" property="book.price" />
			<result column="image" property="book.image" />
		</collection>
	</resultMap>

	<!-- void saveOrder(Order order); -->
	<insert id="saveOrder" parameterType="Order">
		<selectKey keyProperty="id" keyColumn="id" resultType="int"
			order="AFTER">
			select LAST_INSERT_ID()
		</selectKey>
		insert into `order`(total, orderDate, customer_id)
		values(#{total},
		#{orderDate}, #{customer.id})
	</insert>

	<!-- Integer findByDate(Timestamp date); -->
	<select id="findByDate" parameterType="java.sql.Timestamp"
		resultType="java.lang.Integer">
		select id
		from `order`
		where orderDate = #{date}
	</select>
</mapper>
